date,region,subregion,cases,deaths
2020-01-31,Centre,LAZ,2,0
2020-02-06,Centre,LAZ,1,0
2020-02-21,North-West,LOM,15,0
2020-02-21,North-East,VEN,2,1
2020-02-22,North-West,PIE,1,0
2020-02-22,North-West,LOM,40,1
2020-02-22,North-East,VEN,16,0
2020-02-22,North-East,EMR,2,0
2020-02-23,North-West,PIE,2,0
2020-02-23,North-West,LOM,57,1
2020-02-23,North-East,VEN,7,0
2020-02-23,North-East,EMR,7,0
2020-02-24,North-West,LOM,61,4
2020-02-24,North-East,VEN,7,0
2020-02-24,North-East,EMR,9,0
2020-02-25,North-West,LIG,1,0
2020-02-25,North-West,LOM,67,2
2020-02-25,North-East,VEN,11,1
2020-02-25,North-East,BZ,1,0
2020-02-25,North-East,EMR,8,0
2020-02-25,Centre,TOS,2,0
2020-02-25,Islands,SIC,3,0
2020-02-26,North-West,LIG,10,0
2020-02-26,North-West,LOM,65,1
2020-02-26,North-East,VEN,28,0
2020-02-26,North-East,EMR,21,1
2020-02-26,Centre,MAR,1,0
2020-02-27,North-West,LIG,8,0
2020-02-27,North-West,PIE,1,0
2020-02-27,North-West,LOM,98,5
2020-02-27,North-East,VEN,40,0
2020-02-27,North-East,EMR,50,0
2020-02-27,Centre,MAR,2,0
2020-02-27,South,ABR,1,0
2020-02-27,South,CAM,3,0
2020-02-27,South,PUG,1,0
2020-02-27,Islands,SIC,1,0
2020-02-28,North-West,PIE,9,0
2020-02-28,North-West,LOM,128,3
2020-02-28,North-East,VEN,40,0
2020-02-28,North-East,EMR,48,1
2020-02-28,Centre,MAR,3,0
2020-02-28,Centre,TOS,6,0
2020-02-28,South,CAM,1,0
2020-02-28,South,PUG,2,0
2020-02-28,South,CAL,1,0
2020-02-29,North-West,LIG,23,0
2020-02-29,North-West,LOM,84,6
2020-02-29,North-East,VEN,40,0
2020-02-29,North-East,EMR,72,2
2020-02-29,Centre,MAR,5,0
2020-02-29,Centre,TOS,3,0
2020-02-29,Centre,LAZ,3,0
2020-02-29,South,ABR,1,0
2020-02-29,South,CAM,9,0
2020-03-01,North-West,LIG,17,0
2020-03-01,North-West,PIE,38,0
2020-03-01,North-West,LOM,369,1
2020-03-01,North-East,VEN,72,0
2020-03-01,North-East,FVG,6,0
2020-03-01,North-East,EMR,68,4
2020-03-01,Centre,MAR,14,0
2020-03-01,Centre,TOS,2,0
2020-03-01,Centre,UMB,2,0
2020-03-01,South,ABR,3,0
2020-03-01,South,CAM,4,0
2020-03-01,Islands,SIC,5,0
2020-03-02,North-West,LIG,3,0
2020-03-02,North-West,PIE,2,0
2020-03-02,North-West,LOM,270,14
2020-03-02,North-East,VEN,10,0
2020-03-02,North-East,FVG,3,0
2020-03-02,North-East,EMR,50,3
2020-03-02,Centre,MAR,10,1
2020-03-02,Centre,LAZ,1,0
2020-03-02,South,PUG,1,0
2020-03-02,Islands,SIC,2,0
2020-03-03,North-West,LIG,2,1
2020-03-03,North-West,PIE,5,0
2020-03-03,North-West,LOM,266,17
2020-03-03,North-East,VEN,34,1
2020-03-03,North-East,TN,4,0
2020-03-03,North-East,FVG,4,0
2020-03-03,North-East,EMR,85,7
2020-03-03,Centre,MAR,26,1
2020-03-03,Centre,TOS,6,0
2020-03-03,Centre,UMB,6,0
2020-03-03,Centre,LAZ,7,0
2020-03-03,South,ABR,1,0
2020-03-03,South,MOL,3,0
2020-03-03,South,CAM,13,0
2020-03-03,South,BAS,1,0
2020-03-03,South,PUG,2,0
2020-03-03,Islands,SAR,1,0
2020-03-04,North-West,LIG,2,0
2020-03-04,North-West,PIE,26,0
2020-03-04,North-West,LOM,300,18
2020-03-04,North-East,VEN,53,3
2020-03-04,North-East,TN,1,0
2020-03-04,North-East,FVG,5,0
2020-03-04,North-East,EMR,124,4
2020-03-04,Centre,MAR,23,2
2020-03-04,Centre,TOS,19,0
2020-03-04,Centre,UMB,1,0
2020-03-04,Centre,LAZ,16,0
2020-03-04,South,ABR,1,0
2020-03-04,South,CAM,1,0
2020-03-04,South,PUG,3,1
2020-03-04,Islands,SIC,11,0
2020-03-04,Islands,SAR,1,0
2020-03-05,North-West,VDA,2,0
2020-03-05,North-West,LIG,2,2
2020-03-05,North-West,PIE,26,2
2020-03-05,North-West,LOM,431,25
2020-03-05,North-East,VEN,47,4
2020-03-05,North-East,TN,2,0
2020-03-05,North-East,FVG,3,0
2020-03-05,North-East,EMR,154,8
2020-03-05,Centre,MAR,40,0
2020-03-05,Centre,TOS,23,0
2020-03-05,Centre,LAZ,14,0
2020-03-05,South,ABR,1,0
2020-03-05,South,MOL,4,0
2020-03-05,South,CAM,14,0
2020-03-05,South,PUG,5,0
2020-03-05,South,CAL,1,0
2020-03-06,North-West,VDA,5,0
2020-03-06,North-West,LIG,4,0
2020-03-06,North-West,PIE,35,2
2020-03-06,North-West,LOM,361,37
2020-03-06,North-East,VEN,81,2
2020-03-06,North-East,TN,3,0
2020-03-06,North-East,BZ,3,0
2020-03-06,North-East,FVG,10,0
2020-03-06,North-East,EMR,172,7
2020-03-06,Centre,MAR,35,0
2020-03-06,Centre,TOS,18,0
2020-03-06,Centre,UMB,7,0
2020-03-06,Centre,LAZ,10,1
2020-03-06,South,ABR,1,0
2020-03-06,South,MOL,5,0
2020-03-06,South,CAM,12,0
2020-03-06,South,BAS,2,0
2020-03-06,South,PUG,3,0
2020-03-06,South,CAL,2,0
2020-03-06,Islands,SIC,6,0
2020-03-06,Islands,SAR,3,0
2020-03-07,North-West,VDA,1,0
2020-03-07,North-West,LIG,19,1
2020-03-07,North-West,PIE,64,1
2020-03-07,North-West,LOM,808,19
2020-03-07,North-East,VEN,55,1
2020-03-07,North-East,TN,4,0
2020-03-07,North-East,BZ,5,0
2020-03-07,North-East,FVG,11,0
2020-03-07,North-East,EMR,140,11
2020-03-07,Centre,MAR,48,2
2020-03-07,Centre,TOS,34,0
2020-03-07,Centre,UMB,8,0
2020-03-07,Centre,LAZ,22,0
2020-03-07,South,ABR,2,0
2020-03-07,South,MOL,2,0
2020-03-07,South,CAM,4,0
2020-03-07,South,PUG,9,1
2020-03-07,Islands,SIC,11,0
2020-03-08,North-West,VDA,1,0
2020-03-08,North-West,LIG,27,2
2020-03-08,North-West,PIE,153,0
2020-03-08,North-West,LOM,769,113
2020-03-08,North-East,VEN,127,5
2020-03-08,North-East,TN,9,0
2020-03-08,North-East,FVG,15,1
2020-03-08,North-East,EMR,170,8
2020-03-08,Centre,MAR,65,1
2020-03-08,Centre,TOS,53,0
2020-03-08,Centre,UMB,2,0
2020-03-08,Centre,LAZ,11,2
2020-03-08,South,ABR,6,0
2020-03-08,South,CAM,40,0
2020-03-08,South,BAS,1,0
2020-03-08,South,PUG,14,1
2020-03-08,South,CAL,5,0
2020-03-08,Islands,SIC,18,0
2020-03-08,Islands,SAR,6,0
2020-03-09,North-West,VDA,6,0
2020-03-09,North-West,LIG,31,1
2020-03-09,North-West,PIE,-10,8
2020-03-09,North-West,LOM,1280,66
2020-03-09,North-East,VEN,74,2
2020-03-09,North-East,TN,10,0
2020-03-09,North-East,FVG,36,0
2020-03-09,North-East,EMR,206,14
2020-03-09,Centre,MAR,51,3
2020-03-09,Centre,TOS,42,1
2020-03-09,Centre,UMB,2,0
2020-03-09,Centre,LAZ,15,2
2020-03-09,South,ABR,13,0
2020-03-09,South,CAM,19,0
2020-03-09,South,BAS,1,0
2020-03-09,South,PUG,10,0
2020-03-09,South,CAL,2,0
2020-03-09,Islands,SIC,1,0
2020-03-09,Islands,SAR,8,0
2020-03-10,North-West,VDA,2,0
2020-03-10,North-West,LIG,32,1
2020-03-10,North-West,PIE,103,4
2020-03-10,North-West,LOM,322,135
2020-03-10,North-East,VEN,112,6
2020-03-10,North-East,TN,19,0
2020-03-10,North-East,BZ,29,0
2020-03-10,North-East,FVG,23,2
2020-03-10,North-East,EMR,147,15
2020-03-10,Centre,MAR,71,3
2020-03-10,Centre,TOS,56,0
2020-03-10,Centre,UMB,9,0
2020-03-10,Centre,LAZ,14,1
2020-03-10,South,ABR,8,1
2020-03-10,South,MOL,1,0
2020-03-10,South,CAM,7,0
2020-03-10,South,BAS,2,0
2020-03-10,South,PUG,9,0
2020-03-10,South,CAL,2,0
2020-03-10,Islands,SIC,8,0
2020-03-10,Islands,SAR,1,0
2020-03-11,North-West,VDA,3,1
2020-03-11,North-West,LIG,53,0
2020-03-11,North-West,PIE,48,4
2020-03-11,North-West,LOM,1489,149
2020-03-11,North-East,VEN,167,3
2020-03-11,North-East,TN,25,0
2020-03-11,North-East,BZ,37,0
2020-03-11,North-East,FVG,10,3
2020-03-11,North-East,EMR,206,28
2020-03-11,Centre,MAR,85,5
2020-03-11,Centre,TOS,56,0
2020-03-11,Centre,UMB,9,0
2020-03-11,Centre,LAZ,34,0
2020-03-11,South,MOL,1,0
2020-03-11,South,CAM,27,1
2020-03-11,South,BAS,1,0
2020-03-11,South,PUG,18,2
2020-03-11,South,CAL,6,0
2020-03-11,Islands,SIC,21,0
2020-03-11,Islands,SAR,17,0
2020-03-12,North-West,VDA,7,0
2020-03-12,North-West,LIG,80,3
2020-03-12,North-West,PIE,79,5
2020-03-12,North-West,LOM,1445,127
2020-03-12,North-East,VEN,361,3
2020-03-12,North-East,TN,30,1
2020-03-12,North-East,BZ,29,1
2020-03-12,North-East,FVG,41,2
2020-03-12,North-East,EMR,208,33
2020-03-12,Centre,MAR,113,4
2020-03-12,Centre,TOS,44,4
2020-03-12,Centre,UMB,18,0
2020-03-12,Centre,LAZ,50,3
2020-03-12,South,ABR,46,1
2020-03-12,South,CAM,25,0
2020-03-12,South,PUG,27,0
2020-03-12,South,CAL,14,0
2020-03-12,Islands,SIC,32,2
2020-03-12,Islands,SAR,2,0
2020-03-13,North-West,VDA,1,0
2020-03-13,North-West,LIG,71,6
2020-03-13,North-West,PIE,260,20
2020-03-13,North-West,LOM,1095,146
2020-03-13,North-East,VEN,211,10
2020-03-13,North-East,TN,56,1
2020-03-13,North-East,BZ,21,1
2020-03-13,North-East,FVG,90,2
2020-03-13,North-East,EMR,316,55
2020-03-13,Centre,MAR,133,5
2020-03-13,Centre,TOS,106,0
2020-03-13,Centre,UMB,12,1
2020-03-13,Centre,LAZ,77,2
2020-03-13,South,ABR,5,0
2020-03-13,South,MOL,1,0
2020-03-13,South,CAM,41,1
2020-03-13,South,BAS,2,0
2020-03-13,South,PUG,25,0
2020-03-13,South,CAL,5,0
2020-03-13,Islands,SIC,15,0
2020-03-13,Islands,SAR,4,0
2020-03-14,North-West,VDA,14,0
2020-03-14,North-West,LIG,118,10
2020-03-14,North-West,PIE,33,13
2020-03-14,North-West,LOM,1865,76
2020-03-14,North-East,VEN,342,13
2020-03-14,North-East,TN,43,0
2020-03-14,North-East,BZ,48,1
2020-03-14,North-East,FVG,44,3
2020-03-14,North-East,EMR,381,40
2020-03-14,Centre,MAR,174,9
2020-03-14,Centre,TOS,160,1
2020-03-14,Centre,UMB,31,0
2020-03-14,Centre,LAZ,80,2
2020-03-14,South,ABR,23,0
2020-03-14,South,CAM,52,4
2020-03-14,South,PUG,37,3
2020-03-14,South,CAL,22,0
2020-03-14,Islands,SIC,26,0
2020-03-14,Islands,SAR,4,0
2020-03-15,North-West,VDA,15,0
2020-03-15,North-West,LIG,96,6
2020-03-15,North-West,PIE,238,22
2020-03-15,North-West,LOM,1587,252
2020-03-15,North-East,VEN,235,8
2020-03-15,North-East,TN,172,4
2020-03-15,North-East,BZ,31,2
2020-03-15,North-East,FVG,46,1
2020-03-15,North-East,EMR,449,43
2020-03-15,Centre,MAR,234,10
2020-03-15,Centre,TOS,151,2
2020-03-15,Centre,UMB,36,0
2020-03-15,Centre,LAZ,79,3
2020-03-15,South,ABR,25,1
2020-03-15,South,CAM,61,3
2020-03-15,South,BAS,1,0
2020-03-15,South,PUG,64,8
2020-03-15,South,CAL,8,1
2020-03-15,Islands,SIC,32,0
2020-03-15,Islands,SAR,30,2
2020-03-16,North-West,VDA,48,1
2020-03-16,North-West,LIG,108,17
2020-03-16,North-West,PIE,405,30
2020-03-16,North-West,LOM,1377,202
2020-03-16,North-East,VEN,301,6
2020-03-16,North-East,BZ,37,1
2020-03-16,North-East,FVG,39,8
2020-03-16,North-East,EMR,429,62
2020-03-16,Centre,MAR,109,11
2020-03-16,Centre,TOS,85,6
2020-03-16,Centre,UMB,21,0
2020-03-16,Centre,LAZ,87,3
2020-03-16,South,ABR,39,1
2020-03-16,South,MOL,4,1
2020-03-16,South,CAM,67,0
2020-03-16,South,BAS,1,0
2020-03-16,South,CAL,21,0
2020-03-16,Islands,SIC,25,0
2020-03-16,Islands,SAR,30,0
2020-03-17,North-West,VDA,31,0
2020-03-17,North-West,LIG,111,10
2020-03-17,North-West,PIE,381,22
2020-03-17,North-West,LOM,1571,220
2020-03-17,North-East,VEN,231,11
2020-03-17,North-East,TN,7,1
2020-03-17,North-East,BZ,50,2
2020-03-17,North-East,FVG,8,8
2020-03-17,North-East,EMR,409,47
2020-03-17,Centre,MAR,129,12
2020-03-17,Centre,TOS,187,3
2020-03-17,Centre,UMB,33,0
2020-03-17,Centre,LAZ,84,4
2020-03-17,South,ABR,53,2
2020-03-17,South,MOL,4,0
2020-03-17,South,CAM,60,0
2020-03-17,South,BAS,8,0
2020-03-17,South,PUG,110,2
2020-03-17,South,CAL,25,0
2020-03-17,Islands,SIC,24,1
2020-03-17,Islands,SAR,10,0
2020-03-18,North-West,VDA,29,1
2020-03-18,North-West,LIG,109,13
2020-03-18,North-West,PIE,444,21
2020-03-18,North-West,LOM,1493,319
2020-03-18,North-East,VEN,510,14
2020-03-18,North-East,TN,70,0
2020-03-18,North-East,BZ,85,1
2020-03-18,North-East,FVG,68,1
2020-03-18,North-East,EMR,594,65
2020-03-18,Centre,MAR,197,23
2020-03-18,Centre,TOS,277,5
2020-03-18,Centre,UMB,50,1
2020-03-18,Centre,LAZ,117,9
2020-03-18,South,ABR,34,1
2020-03-18,South,MOL,3,0
2020-03-18,South,BAS,7,0
2020-03-18,South,PUG,43,1
2020-03-18,South,CAL,15,0
2020-03-18,Islands,SIC,45,0
2020-03-18,Islands,SAR,17,0
2020-03-19,North-West,VDA,50,3
2020-03-19,North-West,LIG,172,18
2020-03-19,North-West,PIE,591,21
2020-03-19,North-West,LOM,2171,209
2020-03-19,North-East,VEN,270,21
2020-03-19,North-East,TN,68,5
2020-03-19,North-East,BZ,60,5
2020-03-19,North-East,FVG,137,5
2020-03-19,North-East,EMR,689,73
2020-03-19,Centre,MAR,169,23
2020-03-19,Centre,TOS,152,16
2020-03-19,Centre,UMB,87,0
2020-03-19,Centre,LAZ,99,6
2020-03-19,South,ABR,122,4
2020-03-19,South,MOL,18,1
2020-03-19,South,CAM,192,8
2020-03-19,South,BAS,10,0
2020-03-19,South,PUG,95,6
2020-03-19,South,CAL,40,2
2020-03-19,Islands,SIC,58,1
2020-03-19,Islands,SAR,72,0
2020-03-20,North-West,VDA,49,1
2020-03-20,North-West,LIG,162,28
2020-03-20,North-West,PIE,529,34
2020-03-20,North-West,LOM,2380,381
2020-03-20,North-East,VEN,547,16
2020-03-20,North-East,TN,119,1
2020-03-20,North-East,BZ,112,3
2020-03-20,North-East,FVG,57,2
2020-03-20,North-East,EMR,754,109
2020-03-20,Centre,MAR,244,22
2020-03-20,Centre,TOS,311,9
2020-03-20,Centre,UMB,61,5
2020-03-20,Centre,LAZ,185,5
2020-03-20,South,ABR,64,6
2020-03-20,South,MOL,4,3
2020-03-20,South,CAM,97,0
2020-03-20,South,BAS,15,0
2020-03-20,South,PUG,103,1
2020-03-20,South,CAL,38,1
2020-03-20,Islands,SIC,68,0
2020-03-20,Islands,SAR,87,0
2020-03-21,North-West,VDA,49,1
2020-03-21,North-West,LIG,215,33
2020-03-21,North-West,PIE,291,29
2020-03-21,North-West,LOM,3251,546
2020-03-21,North-East,VEN,586,15
2020-03-21,North-East,TN,140,15
2020-03-21,North-East,BZ,73,3
2020-03-21,North-East,FVG,134,4
2020-03-21,North-East,EMR,737,75
2020-03-21,Centre,MAR,172,17
2020-03-21,Centre,TOS,219,25
2020-03-21,Centre,UMB,67,3
2020-03-21,Centre,LAZ,182,7
2020-03-21,South,ABR,80,5
2020-03-21,South,MOL,11,2
2020-03-21,South,CAM,95,5
2020-03-21,South,BAS,14,0
2020-03-21,South,PUG,94,3
2020-03-21,South,CAL,28,1
2020-03-21,Islands,SIC,82,2
2020-03-21,Islands,SAR,37,2
2020-03-22,North-West,VDA,51,1
2020-03-22,North-West,LIG,229,19
2020-03-22,North-West,PIE,668,45
2020-03-22,North-West,LOM,1691,361
2020-03-22,North-East,VEN,505,23
2020-03-22,North-East,TN,172,7
2020-03-22,North-East,BZ,57,3
2020-03-22,North-East,FVG,84,5
2020-03-22,North-East,EMR,850,101
2020-03-22,Centre,MAR,268,30
2020-03-22,Centre,TOS,265,19
2020-03-22,Centre,UMB,59,6
2020-03-22,Centre,LAZ,193,3
2020-03-22,South,ABR,58,11
2020-03-22,South,MOL,5,0
2020-03-22,South,CAM,92,7
2020-03-22,South,BAS,15,0
2020-03-22,South,PUG,111,2
2020-03-22,South,CAL,38,2
2020-03-22,Islands,SIC,140,2
2020-03-22,Islands,SAR,9,3
2020-03-23,North-West,VDA,29,3
2020-03-23,North-West,LIG,259,41
2020-03-23,North-West,PIE,441,32
2020-03-23,North-West,LOM,1555,320
2020-03-23,North-East,VEN,383,23
2020-03-23,North-East,TN,69,6
2020-03-23,North-East,BZ,46,6
2020-03-23,North-East,FVG,56,7
2020-03-23,North-East,EMR,980,76
2020-03-23,Centre,MAR,148,19
2020-03-23,Centre,TOS,184,18
2020-03-23,Centre,UMB,56,0
2020-03-23,Centre,LAZ,157,10
2020-03-23,South,ABR,76,5
2020-03-23,South,MOL,1,0
2020-03-23,South,CAM,90,20
2020-03-23,South,BAS,9,1
2020-03-23,South,PUG,120,6
2020-03-23,South,CAL,19,0
2020-03-23,Islands,SIC,91,5
2020-03-23,Islands,SAR,20,4
2020-03-24,North-West,VDA,7,7
2020-03-24,North-West,LIG,192,19
2020-03-24,North-West,PIE,654,59
2020-03-24,North-West,LOM,1942,402
2020-03-24,North-East,VEN,443,24
2020-03-24,North-East,TN,87,15
2020-03-24,North-East,BZ,57,9
2020-03-24,North-East,FVG,62,10
2020-03-24,North-East,EMR,719,93
2020-03-24,Centre,MAR,167,28
2020-03-24,Centre,TOS,238,20
2020-03-24,Centre,UMB,71,3
2020-03-24,Centre,LAZ,188,17
2020-03-24,South,ABR,26,8
2020-03-24,South,MOL,6,1
2020-03-24,South,CAM,75,7
2020-03-24,South,BAS,2,0
2020-03-24,South,PUG,99,7
2020-03-24,South,CAL,27,3
2020-03-24,Islands,SIC,125,7
2020-03-24,Islands,SAR,62,4
2020-03-25,North-West,VDA,1,5
2020-03-25,North-West,LIG,189,23
2020-03-25,North-West,PIE,509,75
2020-03-25,North-West,LOM,1643,296
2020-03-25,North-East,VEN,494,42
2020-03-25,North-East,TN,112,18
2020-03-25,North-East,BZ,77,5
2020-03-25,North-East,FVG,147,6
2020-03-25,North-East,EMR,800,92
2020-03-25,Centre,MAR,198,56
2020-03-25,Centre,TOS,273,13
2020-03-25,Centre,UMB,62,0
2020-03-25,Centre,LAZ,173,15
2020-03-25,South,ABR,124,6
2020-03-25,South,CAM,98,18
2020-03-25,South,BAS,21,0
2020-03-25,South,PUG,88,4
2020-03-25,South,CAL,32,1
2020-03-25,Islands,SIC,148,5
2020-03-25,Islands,SAR,21,3
2020-03-26,North-West,VDA,7,4
2020-03-26,North-West,LIG,262,26
2020-03-26,North-West,PIE,510,50
2020-03-26,North-West,LOM,2543,387
2020-03-26,North-East,VEN,493,29
2020-03-26,North-East,TN,75,12
2020-03-26,North-East,BZ,48,5
2020-03-26,North-East,FVG,84,2
2020-03-26,North-East,EMR,762,97
2020-03-26,Centre,MAR,180,23
2020-03-26,Centre,TOS,254,16
2020-03-26,Centre,UMB,92,1
2020-03-26,Centre,LAZ,195,11
2020-03-26,South,ABR,133,11
2020-03-26,South,MOL,30,0
2020-03-26,South,CAM,111,9
2020-03-26,South,BAS,21,0
2020-03-26,South,PUG,89,17
2020-03-26,South,CAL,42,3
2020-03-26,Islands,SIC,170,8
2020-03-26,Islands,SAR,52,1
2020-03-27,North-West,VDA,44,9
2020-03-27,North-West,LIG,129,51
2020-03-27,North-West,PIE,558,70
2020-03-27,North-West,LOM,2409,541
2020-03-27,North-East,VEN,562,26
2020-03-27,North-East,TN,94,16
2020-03-27,North-East,BZ,97,12
2020-03-27,North-East,FVG,94,4
2020-03-27,North-East,EMR,772,93
2020-03-27,Centre,MAR,82,26
2020-03-27,Centre,TOS,224,19
2020-03-27,Centre,UMB,82,1
2020-03-27,Centre,LAZ,199,12
2020-03-27,South,ABR,71,5
2020-03-27,South,MOL,6,1
2020-03-27,South,CAM,144,15
2020-03-27,South,BAS,17,2
2020-03-27,South,PUG,152,4
2020-03-27,South,CAL,101,4
2020-03-27,Islands,SIC,86,6
2020-03-27,Islands,SAR,36,2
2020-03-28,North-West,VDA,59,4
2020-03-28,North-West,LIG,126,27
2020-03-28,North-West,PIE,579,48
2020-03-28,North-West,LOM,2117,542
2020-03-28,North-East,VEN,433,49
2020-03-28,North-East,TN,114,18
2020-03-28,North-East,BZ,106,4
2020-03-28,North-East,FVG,119,11
2020-03-28,North-East,EMR,795,77
2020-03-28,Centre,MAR,177,28
2020-03-28,Centre,TOS,367,21
2020-03-28,Centre,UMB,85,7
2020-03-28,Centre,LAZ,210,6
2020-03-28,South,ABR,116,8
2020-03-28,South,MOL,14,0
2020-03-28,South,CAM,138,11
2020-03-28,South,BAS,31,0
2020-03-28,South,PUG,124,2
2020-03-28,South,CAL,61,3
2020-03-28,Islands,SIC,109,18
2020-03-28,Islands,SAR,94,5
2020-03-29,North-West,VDA,73,2
2020-03-29,North-West,LIG,254,19
2020-03-29,North-West,PIE,535,67
2020-03-29,North-West,LOM,1592,416
2020-03-29,North-East,VEN,428,30
2020-03-29,North-East,TN,89,9
2020-03-29,North-East,BZ,105,0
2020-03-29,North-East,FVG,44,11
2020-03-29,North-East,EMR,736,99
2020-03-29,Centre,MAR,185,22
2020-03-29,Centre,TOS,305,17
2020-03-29,Centre,UMB,54,3
2020-03-29,Centre,LAZ,201,12
2020-03-29,South,ABR,160,12
2020-03-29,South,MOL,4,0
2020-03-29,South,CAM,167,8
2020-03-29,South,BAS,20,1
2020-03-29,South,PUG,91,15
2020-03-29,South,CAL,59,4
2020-03-29,Islands,SIC,101,8
2020-03-29,Islands,SAR,14,1
2020-03-30,North-West,VDA,0,7
2020-03-30,North-West,LIG,141,20
2020-03-30,North-West,PIE,506,65
2020-03-30,North-West,LOM,1154,458
2020-03-30,North-East,VEN,366,21
2020-03-30,North-East,TN,88,18
2020-03-30,North-East,BZ,111,10
2020-03-30,North-East,FVG,21,9
2020-03-30,North-East,EMR,412,95
2020-03-30,Centre,MAR,126,31
2020-03-30,Centre,TOS,290,16
2020-03-30,Centre,UMB,28,2
2020-03-30,Centre,LAZ,208,14
2020-03-30,South,ABR,52,14
2020-03-30,South,MOL,7,0
2020-03-30,South,CAM,193,8
2020-03-30,South,BAS,12,1
2020-03-30,South,PUG,163,5
2020-03-30,South,CAL,33,6
2020-03-30,Islands,SIC,95,11
2020-03-30,Islands,SAR,44,1
2020-03-31,North-West,VDA,44,6
2020-03-31,North-West,LIG,199,31
2020-03-31,North-West,PIE,589,105
2020-03-31,North-West,LOM,1047,381
2020-03-31,North-East,VEN,431,64
2020-03-31,North-East,TN,64,17
2020-03-31,North-East,BZ,46,2
2020-03-31,North-East,FVG,92,6
2020-03-31,North-East,EMR,543,106
2020-03-31,Centre,MAR,141,35
2020-03-31,Centre,TOS,196,13
2020-03-31,Centre,UMB,27,4
2020-03-31,Centre,LAZ,181,12
2020-03-31,South,ABR,56,13
2020-03-31,South,MOL,10,0
2020-03-31,South,CAM,140,8
2020-03-31,South,BAS,12,2
2020-03-31,South,PUG,91,19
2020-03-31,South,CAL,12,5
2020-03-31,Islands,SIC,92,5
2020-03-31,Islands,SAR,40,3
2020-04-01,North-West,VDA,3,3
2020-04-01,North-West,LIG,244,32
2020-04-01,North-West,PIE,494,32
2020-04-01,North-West,LOM,1565,394
2020-04-01,North-East,VEN,470,22
2020-04-01,North-East,TN,124,9
2020-04-01,North-East,BZ,47,40
2020-04-01,North-East,FVG,92,9
2020-04-01,North-East,EMR,713,88
2020-04-01,Centre,MAR,137,25
2020-04-01,Centre,TOS,259,9
2020-04-01,Centre,UMB,17,0
2020-04-01,Centre,LAZ,169,7
2020-04-01,South,ABR,35,8
2020-04-01,South,MOL,16,1
2020-04-01,South,CAM,139,15
2020-04-01,South,BAS,11,2
2020-04-01,South,PUG,143,19
2020-04-01,South,CAL,10,2
2020-04-01,Islands,SIC,71,7
2020-04-01,Islands,SAR,23,3
2020-04-02,North-West,VDA,37,4
2020-04-02,North-West,LIG,122,28
2020-04-02,North-West,PIE,558,97
2020-04-02,North-West,LOM,1292,367
2020-04-02,North-East,VEN,486,33
2020-04-02,North-East,TN,133,14
2020-04-02,North-East,BZ,61,13
2020-04-02,North-East,FVG,114,7
2020-04-02,North-East,EMR,546,79
2020-04-02,Centre,MAR,136,26
2020-04-02,Centre,TOS,406,15
2020-04-02,Centre,UMB,33,1
2020-04-02,Centre,LAZ,169,16
2020-04-02,South,ABR,61,10
2020-04-02,South,MOL,5,1
2020-04-02,South,CAM,225,19
2020-04-02,South,BAS,9,1
2020-04-02,South,PUG,131,15
2020-04-02,South,CAL,22,3
2020-04-02,Islands,SIC,73,5
2020-04-02,Islands,SAR,49,6
2020-04-03,North-West,VDA,51,7
2020-04-03,North-West,LIG,183,31
2020-04-03,North-West,PIE,543,60
2020-04-03,North-West,LOM,1455,351
2020-04-03,North-East,VEN,353,40
2020-04-03,North-East,TN,106,17
2020-04-03,North-East,BZ,80,10
2020-04-03,North-East,FVG,80,7
2020-04-03,North-East,EMR,599,91
2020-04-03,Centre,MAR,132,54
2020-04-03,Centre,TOS,226,22
2020-04-03,Centre,UMB,51,1
2020-04-03,Centre,LAZ,167,14
2020-04-03,South,ABR,66,13
2020-04-03,South,MOL,11,0
2020-04-03,South,CAM,221,14
2020-04-03,South,BAS,15,1
2020-04-03,South,PUG,105,20
2020-04-03,South,CAL,42,4
2020-04-03,Islands,SIC,68,8
2020-04-03,Islands,SAR,31,1
2020-04-04,North-West,VDA,29,12
2020-04-04,North-West,LIG,238,23
2020-04-04,North-West,PIE,813,85
2020-04-04,North-West,LOM,1598,345
2020-04-04,North-East,VEN,360,35
2020-04-04,North-East,TN,111,6
2020-04-04,North-East,BZ,33,7
2020-04-04,North-East,FVG,107,9
2020-04-04,North-East,EMR,608,75
2020-04-04,Centre,MAR,111,17
2020-04-04,Centre,TOS,172,17
2020-04-04,Centre,UMB,31,2
2020-04-04,Centre,LAZ,157,13
2020-04-04,South,ABR,65,7
2020-04-04,South,MOL,30,0
2020-04-04,South,CAM,151,5
2020-04-04,South,BAS,3,0
2020-04-04,South,PUG,58,9
2020-04-04,South,CAL,8,4
2020-04-04,Islands,SIC,73,10
2020-04-04,Islands,SAR,49,0
2020-04-05,North-West,VDA,34,9
2020-04-05,North-West,LIG,246,14
2020-04-05,North-West,PIE,653,40
2020-04-05,North-West,LOM,1337,249
2020-04-05,North-East,VEN,402,24
2020-04-05,North-East,TN,65,7
2020-04-05,North-East,BZ,52,12
2020-04-05,North-East,FVG,62,9
2020-04-05,North-East,EMR,549,74
2020-04-05,Centre,MAR,123,25
2020-04-05,Centre,TOS,176,18
2020-04-05,Centre,UMB,29,2
2020-04-05,Centre,LAZ,123,7
2020-04-05,South,ABR,75,5
2020-04-05,South,MOL,18,2
2020-04-05,South,CAM,132,3
2020-04-05,South,BAS,14,2
2020-04-05,South,PUG,77,9
2020-04-05,South,CAL,54,7
2020-04-05,Islands,SIC,62,5
2020-04-05,Islands,SAR,33,2
2020-04-06,North-West,VDA,23,5
2020-04-06,North-West,LIG,100,39
2020-04-06,North-West,PIE,562,83
2020-04-06,North-West,LOM,1079,297
2020-04-06,North-East,VEN,362,31
2020-04-06,North-East,TN,63,13
2020-04-06,North-East,BZ,78,6
2020-04-06,North-East,FVG,55,4
2020-04-06,North-East,EMR,467,57
2020-04-06,Centre,MAR,150,13
2020-04-06,Centre,TOS,154,25
2020-04-06,Centre,UMB,14,1
2020-04-06,Centre,LAZ,151,10
2020-04-06,South,ABR,18,11
2020-04-06,South,CAM,98,15
2020-04-06,South,BAS,9,0
2020-04-06,South,PUG,127,13
2020-04-06,South,CAL,22,2
2020-04-06,Islands,SIC,52,7
2020-04-06,Islands,SAR,15,4
2020-04-07,North-West,VDA,30,4
2020-04-07,North-West,LIG,208,25
2020-04-07,North-West,PIE,419,68
2020-04-07,North-West,LOM,791,282
2020-04-07,North-East,VEN,337,33
2020-04-07,North-East,TN,128,14
2020-04-07,North-East,BZ,89,10
2020-04-07,North-East,FVG,50,6
2020-04-07,North-East,EMR,269,72
2020-04-07,Centre,MAR,96,18
2020-04-07,Centre,TOS,172,19
2020-04-07,Centre,UMB,10,5
2020-04-07,Centre,LAZ,118,9
2020-04-07,South,ABR,78,3
2020-04-07,South,CAM,90,12
2020-04-07,South,BAS,4,1
2020-04-07,South,PUG,70,14
2020-04-07,South,CAL,16,2
2020-04-07,Islands,SIC,51,2
2020-04-07,Islands,SAR,13,5
2020-04-08,North-West,VDA,15,2
2020-04-08,North-West,LIG,149,34
2020-04-08,North-West,PIE,540,59
2020-04-08,North-West,LOM,1089,238
2020-04-08,North-East,VEN,485,41
2020-04-08,North-East,TN,126,11
2020-04-08,North-East,BZ,24,9
2020-04-08,North-East,FVG,65,5
2020-04-08,North-East,EMR,409,54
2020-04-08,Centre,MAR,149,22
2020-04-08,Centre,TOS,206,23
2020-04-08,Centre,UMB,26,1
2020-04-08,Centre,LAZ,117,6
2020-04-08,South,ABR,60,7
2020-04-08,South,MOL,2,0
2020-04-08,South,CAM,120,5
2020-04-08,South,BAS,6,0
2020-04-08,South,PUG,120,10
2020-04-08,South,CAL,26,0
2020-04-08,Islands,SIC,62,8
2020-04-08,Islands,SAR,40,7
2020-04-09,North-West,VDA,18,3
2020-04-09,North-West,LIG,114,28
2020-04-09,North-West,PIE,639,76
2020-04-09,North-West,LOM,1388,300
2020-04-09,North-East,VEN,523,20
2020-04-09,North-East,TN,106,13
2020-04-09,North-East,BZ,68,4
2020-04-09,North-East,FVG,81,2
2020-04-09,North-East,EMR,443,82
2020-04-09,Centre,MAR,96,17
2020-04-09,Centre,TOS,173,16
2020-04-09,Centre,UMB,9,1
2020-04-09,Centre,LAZ,163,9
2020-04-09,South,ABR,72,15
2020-04-09,South,MOL,8,0
2020-04-09,South,CAM,76,6
2020-04-09,South,BAS,6,1
2020-04-09,South,PUG,82,6
2020-04-09,South,CAL,15,1
2020-04-09,Islands,SIC,73,5
2020-04-09,Islands,SAR,51,5
2020-04-10,North-West,VDA,11,2
2020-04-10,North-West,LIG,171,27
2020-04-10,North-West,PIE,490,78
2020-04-10,North-West,LOM,1246,216
2020-04-10,North-East,VEN,488,37
2020-04-10,North-East,TN,108,7
2020-04-10,North-East,BZ,52,4
2020-04-10,North-East,FVG,50,8
2020-04-10,North-East,EMR,451,81
2020-04-10,Centre,MAR,129,13
2020-04-10,Centre,TOS,175,46
2020-04-10,Centre,UMB,4,1
2020-04-10,Centre,LAZ,154,10
2020-04-10,South,ABR,83,4
2020-04-10,South,MOL,9,0
2020-04-10,South,CAM,98,4
2020-04-10,South,BAS,5,0
2020-04-10,South,PUG,93,13
2020-04-10,South,CAL,27,4
2020-04-10,Islands,SIC,70,10
2020-04-10,Islands,SAR,37,5
2020-04-11,North-West,VDA,23,0
2020-04-11,North-West,LIG,185,25
2020-04-11,North-West,PIE,996,101
2020-04-11,North-West,LOM,1544,273
2020-04-11,North-East,VEN,347,38
2020-04-11,North-East,TN,154,9
2020-04-11,North-East,BZ,2,9
2020-04-11,North-East,FVG,44,6
2020-04-11,North-East,EMR,507,84
2020-04-11,Centre,MAR,127,7
2020-04-11,Centre,TOS,231,13
2020-04-11,Centre,UMB,7,0
2020-04-11,Centre,LAZ,140,10
2020-04-11,South,ABR,106,8
2020-04-11,South,MOL,3,1
2020-04-11,South,CAM,75,7
2020-04-11,South,BAS,4,2
2020-04-11,South,PUG,95,15
2020-04-11,South,CAL,14,1
2020-04-11,Islands,SIC,62,6
2020-04-11,Islands,SAR,28,4
2020-04-12,North-West,VDA,19,5
2020-04-12,North-West,LIG,118,15
2020-04-12,North-West,PIE,652,96
2020-04-12,North-West,LOM,1460,110
2020-04-12,North-East,VEN,309,25
2020-04-12,North-East,TN,83,9
2020-04-12,North-East,BZ,141,5
2020-04-12,North-East,FVG,38,10
2020-04-12,North-East,EMR,463,83
2020-04-12,Centre,MAR,92,11
2020-04-12,Centre,TOS,277,28
2020-04-12,Centre,UMB,10,0
2020-04-12,Centre,LAZ,122,6
2020-04-12,South,ABR,40,6
2020-04-12,South,MOL,11,1
2020-04-12,South,CAM,87,4
2020-04-12,South,BAS,3,1
2020-04-12,South,PUG,85,7
2020-04-12,South,CAL,8,0
2020-04-12,Islands,SIC,52,9
2020-04-12,Islands,SAR,22,0
2020-04-13,North-West,VDA,6,3
2020-04-13,North-West,LIG,102,11
2020-04-13,North-West,PIE,474,97
2020-04-13,North-West,LOM,1262,280
2020-04-13,North-East,VEN,174,26
2020-04-13,North-East,TN,73,7
2020-04-13,North-East,BZ,51,7
2020-04-13,North-East,FVG,51,7
2020-04-13,North-East,EMR,342,51
2020-04-13,Centre,MAR,78,13
2020-04-13,Centre,TOS,155,23
2020-04-13,Centre,UMB,1,0
2020-04-13,Centre,LAZ,123,5
2020-04-13,South,ABR,53,12
2020-04-13,South,CAM,66,6
2020-04-13,South,BAS,4,0
2020-04-13,South,PUG,76,7
2020-04-13,South,CAL,5,1
2020-04-13,Islands,SIC,42,8
2020-04-13,Islands,SAR,15,2
2020-04-14,North-West,VDA,20,3
2020-04-14,North-West,LIG,212,33
2020-04-14,North-West,PIE,556,101
2020-04-14,North-West,LOM,1012,241
2020-04-14,North-East,VEN,181,24
2020-04-14,North-East,TN,15,10
2020-04-14,North-East,BZ,35,2
2020-04-14,North-East,FVG,38,4
2020-04-14,North-East,EMR,312,90
2020-04-14,Centre,MAR,45,15
2020-04-14,Centre,TOS,137,20
2020-04-14,Centre,UMB,1,1
2020-04-14,Centre,LAZ,143,16
2020-04-14,South,ABR,32,8
2020-04-14,South,CAM,99,12
2020-04-14,South,BAS,0,1
2020-04-14,South,PUG,53,11
2020-04-14,South,CAL,28,1
2020-04-14,Islands,SIC,43,4
2020-04-14,Islands,SAR,10,5
2020-04-15,North-West,VDA,11,3
2020-04-15,North-West,LIG,128,14
2020-04-15,North-West,PIE,539,88
2020-04-15,North-West,LOM,827,235
2020-04-15,North-East,VEN,192,34
2020-04-15,North-East,TN,79,8
2020-04-15,North-East,BZ,40,9
2020-04-15,North-East,FVG,24,6
2020-04-15,North-East,EMR,277,83
2020-04-15,Centre,MAR,77,18
2020-04-15,Centre,TOS,139,18
2020-04-15,Centre,UMB,1,1
2020-04-15,Centre,LAZ,121,11
2020-04-15,South,ABR,29,8
2020-04-15,South,MOL,6,0
2020-04-15,South,CAM,38,18
2020-04-15,South,BAS,1,2
2020-04-15,South,PUG,66,10
2020-04-15,South,CAL,15,3
2020-04-15,Islands,SIC,34,6
2020-04-15,Islands,SAR,23,3
2020-04-16,North-West,VDA,13,1
2020-04-16,North-West,LIG,103,21
2020-04-16,North-West,PIE,879,79
2020-04-16,North-West,LOM,941,231
2020-04-16,North-East,VEN,366,41
2020-04-16,North-East,TN,74,4
2020-04-16,North-East,BZ,43,2
2020-04-16,North-East,FVG,72,5
2020-04-16,North-East,EMR,457,55
2020-04-16,Centre,MAR,79,18
2020-04-16,Centre,TOS,277,29
2020-04-16,Centre,UMB,7,1
2020-04-16,Centre,LAZ,148,5
2020-04-16,South,ABR,72,3
2020-04-16,South,MOL,0,1
2020-04-16,South,CAM,80,8
2020-04-16,South,BAS,16,1
2020-04-16,South,PUG,74,11
2020-04-16,South,CAL,38,1
2020-04-16,Islands,SIC,44,6
2020-04-16,Islands,SAR,3,2
2020-04-17,North-West,VDA,22,1
2020-04-17,North-West,LIG,149,38
2020-04-17,North-West,PIE,695,77
2020-04-17,North-West,LOM,1041,243
2020-04-17,North-East,VEN,384,45
2020-04-17,North-East,TN,82,20
2020-04-17,North-East,BZ,29,9
2020-04-17,North-East,FVG,59,3
2020-04-17,North-East,EMR,348,60
2020-04-17,Centre,MAR,86,21
2020-04-17,Centre,TOS,167,17
2020-04-17,Centre,UMB,8,2
2020-04-17,Centre,LAZ,144,16
2020-04-17,South,ABR,97,3
2020-04-17,South,MOL,6,0
2020-04-17,South,CAM,64,7
2020-04-17,South,BAS,1,0
2020-04-17,South,PUG,69,8
2020-04-17,South,CAL,-18,1
2020-04-17,Islands,SIC,46,3
2020-04-17,Islands,SAR,14,1
2020-04-18,North-West,VDA,80,1
2020-04-18,North-West,LIG,113,31
2020-04-18,North-West,PIE,661,81
2020-04-18,North-West,LOM,1246,199
2020-04-18,North-East,VEN,318,33
2020-04-18,North-East,TN,55,6
2020-04-18,North-East,BZ,29,5
2020-04-18,North-East,FVG,56,2
2020-04-18,North-East,EMR,350,62
2020-04-18,Centre,MAR,53,10
2020-04-18,Centre,TOS,127,16
2020-04-18,Centre,UMB,7,0
2020-04-18,Centre,LAZ,144,8
2020-04-18,South,ABR,44,7
2020-04-18,South,CAM,37,7
2020-04-18,South,BAS,2,1
2020-04-18,South,PUG,82,7
2020-04-18,South,CAL,20,0
2020-04-18,Islands,SIC,47,6
2020-04-18,Islands,SAR,20,0
2020-04-19,North-West,VDA,15,1
2020-04-19,North-West,LIG,227,31
2020-04-19,North-West,PIE,593,79
2020-04-19,North-West,LOM,855,163
2020-04-19,North-East,VEN,243,28
2020-04-19,North-East,TN,101,12
2020-04-19,North-East,BZ,55,6
2020-04-19,North-East,FVG,14,3
2020-04-19,North-East,EMR,376,58
2020-04-19,Centre,MAR,48,12
2020-04-19,Centre,TOS,135,19
2020-04-19,Centre,UMB,4,1
2020-04-19,Centre,LAZ,87,1
2020-04-19,South,ABR,34,5
2020-04-19,South,MOL,10,1
2020-04-19,South,CAM,41,4
2020-04-19,South,BAS,3,1
2020-04-19,South,PUG,120,2
2020-04-19,South,CAL,24,2
2020-04-19,Islands,SIC,45,4
2020-04-19,Islands,SAR,17,0
2020-04-20,North-West,VDA,0,2
2020-04-20,North-West,LIG,141,29
2020-04-20,North-West,PIE,292,78
2020-04-20,North-West,LOM,735,163
2020-04-20,North-East,VEN,192,25
2020-04-20,North-East,TN,58,6
2020-04-20,North-East,BZ,14,4
2020-04-20,North-East,FVG,30,14
2020-04-20,North-East,EMR,307,56
2020-04-20,Centre,MAR,57,15
2020-04-20,Centre,TOS,135,30
2020-04-20,Centre,UMB,1,0
2020-04-20,Centre,LAZ,60,8
2020-04-20,South,ABR,91,5
2020-04-20,South,MOL,2,1
2020-04-20,South,CAM,45,5
2020-04-20,South,PUG,38,10
2020-04-20,South,CAL,3,0
2020-04-20,Islands,SIC,42,3
2020-04-20,Islands,SAR,13,0
2020-04-21,North-West,VDA,5,-1
2020-04-21,North-West,LIG,95,33
2020-04-21,North-West,PIE,606,76
2020-04-21,North-West,LOM,960,203
2020-04-21,North-East,VEN,277,42
2020-04-21,North-East,TN,24,10
2020-04-21,North-East,BZ,16,2
2020-04-21,North-East,FVG,17,2
2020-04-21,North-East,EMR,225,68
2020-04-21,Centre,MAR,51,12
2020-04-21,Centre,TOS,96,19
2020-04-21,Centre,UMB,4,2
2020-04-21,Centre,LAZ,80,14
2020-04-21,South,ABR,55,8
2020-04-21,South,MOL,1,0
2020-04-21,South,CAM,61,8
2020-04-21,South,BAS,8,0
2020-04-21,South,PUG,55,25
2020-04-21,South,CAL,9,1
2020-04-21,Islands,SIC,76,3
2020-04-21,Islands,SAR,8,7
2020-04-22,North-West,VDA,2,1
2020-04-22,North-West,LIG,154,32
2020-04-22,North-West,PIE,784,74
2020-04-22,North-West,LOM,1161,161
2020-04-22,North-East,VEN,334,27
2020-04-22,North-East,TN,32,5
2020-04-22,North-East,BZ,6,5
2020-04-22,North-East,FVG,25,5
2020-04-22,North-East,EMR,342,57
2020-04-22,Centre,MAR,47,11
2020-04-22,Centre,TOS,97,19
2020-04-22,Centre,UMB,4,1
2020-04-22,Centre,LAZ,80,7
2020-04-22,South,ABR,66,5
2020-04-22,South,MOL,2,1
2020-04-22,South,CAM,50,10
2020-04-22,South,BAS,4,0
2020-04-22,South,PUG,108,11
2020-04-22,South,CAL,13,0
2020-04-22,Islands,SIC,48,2
2020-04-22,Islands,SAR,11,3
2020-04-23,North-West,VDA,1,0
2020-04-23,North-West,LIG,131,25
2020-04-23,North-West,PIE,401,71
2020-04-23,North-West,LOM,1073,200
2020-04-23,North-East,VEN,143,25
2020-04-23,North-East,TN,81,1
2020-04-23,North-East,BZ,19,5
2020-04-23,North-East,FVG,41,10
2020-04-23,North-East,EMR,289,65
2020-04-23,Centre,MAR,28,12
2020-04-23,Centre,TOS,80,18
2020-04-23,Centre,UMB,5,0
2020-04-23,Centre,LAZ,79,5
2020-04-23,South,ABR,52,4
2020-04-23,South,MOL,0,1
2020-04-23,South,CAM,53,5
2020-04-23,South,BAS,2,0
2020-04-23,South,PUG,109,10
2020-04-23,South,CAL,9,0
2020-04-23,Islands,SIC,43,5
2020-04-23,Islands,SAR,7,2
2020-04-24,North-West,VDA,4,2
2020-04-24,North-West,LIG,124,29
2020-04-24,North-West,PIE,682,69
2020-04-24,North-West,LOM,1091,166
2020-04-24,North-East,VEN,348,38
2020-04-24,North-East,TN,49,7
2020-04-24,North-East,BZ,21,2
2020-04-24,North-East,FVG,24,2
2020-04-24,North-East,EMR,247,34
2020-04-24,Centre,MAR,76,8
2020-04-24,Centre,TOS,97,19
2020-04-24,Centre,UMB,1,1
2020-04-24,Centre,LAZ,78,9
2020-04-24,South,ABR,18,6
2020-04-24,South,MOL,3,0
2020-04-24,South,CAM,44,4
2020-04-24,South,BAS,4,0
2020-04-24,South,PUG,42,11
2020-04-24,South,CAL,10,4
2020-04-24,Islands,SIC,55,5
2020-04-24,Islands,SAR,3,4
2020-04-25,North-West,VDA,0,1
2020-04-25,North-West,LIG,128,17
2020-04-25,North-West,PIE,604,68
2020-04-25,North-West,LOM,713,163
2020-04-25,North-East,VEN,162,44
2020-04-25,North-East,TN,62,11
2020-04-25,North-East,BZ,20,2
2020-04-25,North-East,FVG,21,5
2020-04-25,North-East,EMR,239,44
2020-04-25,Centre,MAR,30,9
2020-04-25,Centre,TOS,138,18
2020-04-25,Centre,UMB,3,1
2020-04-25,Centre,LAZ,92,3
2020-04-25,South,ABR,29,7
2020-04-25,South,MOL,5,1
2020-04-25,South,CAM,17,5
2020-04-25,South,BAS,1,1
2020-04-25,South,PUG,31,8
2020-04-25,South,CAL,9,0
2020-04-25,Islands,SIC,39,6
2020-04-25,Islands,SAR,14,1
2020-04-26,North-West,VDA,6,1
2020-04-26,North-West,LIG,187,21
2020-04-26,North-West,PIE,394,56
2020-04-26,North-West,LOM,920,56
2020-04-26,North-East,VEN,80,27
2020-04-26,North-East,TN,56,5
2020-04-26,North-East,BZ,5,4
2020-04-26,North-East,FVG,14,1
2020-04-26,North-East,EMR,241,39
2020-04-26,Centre,MAR,53,5
2020-04-26,Centre,TOS,132,18
2020-04-26,Centre,UMB,2,1
2020-04-26,Centre,LAZ,85,2
2020-04-26,South,ABR,27,2
2020-04-26,South,MOL,4,0
2020-04-26,South,CAM,32,4
2020-04-26,South,BAS,5,0
2020-04-26,South,PUG,36,8
2020-04-26,South,CAL,1,0
2020-04-26,Islands,SIC,35,4
2020-04-26,Islands,SAR,9,6
2020-04-27,North-West,VDA,5,2
2020-04-27,North-West,LIG,154,14
2020-04-27,North-West,PIE,278,55
2020-04-27,North-West,LOM,590,124
2020-04-27,North-East,VEN,108,29
2020-04-27,North-East,TN,101,2
2020-04-27,North-East,BZ,15,1
2020-04-27,North-East,FVG,60,7
2020-04-27,North-East,EMR,212,45
2020-04-27,Centre,MAR,16,5
2020-04-27,Centre,TOS,32,17
2020-04-27,Centre,UMB,2,1
2020-04-27,Centre,LAZ,83,8
2020-04-27,South,ABR,15,4
2020-04-27,South,CAM,18,7
2020-04-27,South,PUG,10,6
2020-04-27,South,CAL,7,3
2020-04-27,Islands,SIC,30,3
2020-04-27,Islands,SAR,3,0
2020-04-28,North-West,VDA,8,2
2020-04-28,North-West,LIG,130,13
2020-04-28,North-West,PIE,352,58
2020-04-28,North-West,LOM,869,126
2020-04-28,North-East,VEN,129,64
2020-04-28,North-East,TN,30,5
2020-04-28,North-East,BZ,2,2
2020-04-28,North-East,FVG,18,7
2020-04-28,North-East,EMR,252,41
2020-04-28,Centre,MAR,48,9
2020-04-28,Centre,TOS,52,16
2020-04-28,Centre,UMB,9,0
2020-04-28,Centre,LAZ,75,17
2020-04-28,South,ABR,25,11
2020-04-28,South,MOL,1,0
2020-04-28,South,CAM,31,6
2020-04-28,South,PUG,22,2
2020-04-28,South,CAL,1,2
2020-04-28,Islands,SIC,35,1
2020-04-28,Islands,SAR,2,0
2020-04-29,North-West,VDA,5,2
2020-04-29,North-West,LIG,117,11
2020-04-29,North-West,PIE,411,67
2020-04-29,North-West,LOM,786,104
2020-04-29,North-East,VEN,117,29
2020-04-29,North-East,TN,44,4
2020-04-29,North-East,BZ,9,2
2020-04-29,North-East,FVG,15,7
2020-04-29,North-East,EMR,263,40
2020-04-29,Centre,MAR,35,6
2020-04-29,Centre,TOS,61,16
2020-04-29,Centre,UMB,12,1
2020-04-29,Centre,LAZ,78,17
2020-04-29,South,ABR,24,5
2020-04-29,South,CAM,30,1
2020-04-29,South,PUG,49,3
2020-04-29,South,CAL,5,1
2020-04-29,Islands,SIC,20,0
2020-04-29,Islands,SAR,5,7
2020-04-30,North-West,VDA,4,0
2020-04-30,North-West,LIG,104,15
2020-04-30,North-West,PIE,428,63
2020-04-30,North-West,LOM,598,93
2020-04-30,North-East,VEN,135,22
2020-04-30,North-East,TN,47,2
2020-04-30,North-East,BZ,11,1
2020-04-30,North-East,FVG,15,4
2020-04-30,North-East,EMR,259,39
2020-04-30,Centre,MAR,37,7
2020-04-30,Centre,TOS,60,15
2020-04-30,Centre,UMB,1,1
2020-04-30,Centre,LAZ,71,10
2020-04-30,South,ABR,7,5
2020-04-30,South,MOL,1,0
2020-04-30,South,CAM,13,0
2020-04-30,South,BAS,1,0
2020-04-30,South,PUG,43,5
2020-04-30,South,CAL,6,0
2020-04-30,Islands,SIC,26,3
2020-04-30,Islands,SAR,5,0
2020-05-01,North-West,VDA,5,0
2020-05-01,North-West,LIG,133,17
2020-05-01,North-West,PIE,395,31
2020-05-01,North-West,LOM,737,88
2020-05-01,North-East,VEN,138,20
2020-05-01,North-East,TN,16,5
2020-05-01,North-East,BZ,10,3
2020-05-01,North-East,FVG,16,5
2020-05-01,North-East,EMR,208,28
2020-05-01,Centre,MAR,28,5
2020-05-01,Centre,TOS,93,12
2020-05-01,Centre,UMB,1,1
2020-05-01,Centre,LAZ,56,41
2020-05-01,South,ABR,18,4
2020-05-01,South,MOL,2,0
2020-05-01,South,CAM,21,0
2020-05-01,South,BAS,11,0
2020-05-01,South,PUG,27,6
2020-05-01,South,CAL,4,0
2020-05-01,Islands,SIC,28,2
2020-05-01,Islands,SAR,18,1
